Glucose Concentration,ATP Threshold,Virus Partition Ratio,Host Lifespan,Virus Mass
500, 0, 0.8, 1001, 1.7776914759410003e-08
500, 0, 0.85, 1001, 1.777691475883e-08
500, 0, 0.9, 1001, 1.7776914759100002e-08
500, 0, 0.95, 1001, 1.7776914759512e-08
500, 0, 1, 1001, 1.7776914759e-08
