Glucose Concentration,ATP Threshold,Virus Partition Ratio,Host Lifespan,Virus Mass
500, 0.75, 0, 1001, 7.299660837000003e-07
500, 0.75, 0.05, 1001, 7.299660836799914e-07
500, 0.75, 0.1, 1001, 7.299660836849932e-07
500, 0.75, 0.15, 1001, 7.299660836849932e-07
500, 0.75, 0.2, 1001, 7.299660836849932e-07
500, 0.75, 0.25, 1001, 7.299660836900137e-07
500, 0.75, 0.3, 1001, 7.299660837084968e-07
500, 0.75, 0.35, 141, 8.90350084169255e-09
500, 0.75, 0.4, 63, 4.532256409443099e-09
500, 0.75, 0.45, 43, 3.4245451420210107e-09
500, 0.75, 0.5, 43, 3.4245451420355463e-09
500, 0.75, 0.55, 43, 3.4245451420210107e-09
500, 0.75, 0.6, 43, 3.4245451420210107e-09
500, 0.75, 0.65, 43, 3.4245451420210107e-09
500, 0.75, 0.7, 43, 3.4245451420210107e-09
500, 0.75, 0.75, 43, 3.4245451420210107e-09
500, 0.75, 0.8, 43, 3.4245451420210107e-09
500, 0.75, 0.85, 43, 3.4245451420210107e-09
500, 0.75, 0.9, 43, 3.4245451420210107e-09
500, 0.75, 0.95, 43, 3.4245451420210107e-09
500, 0.75, 1, 43, 3.424545142017554e-09
